YR,BUSINESSID,WBID,WATER_BODY,WB_CLS,MDNR_IMPSZ,SIZE_,EPA_APPRSZ,UNIT,POLLUTANT,SOURCE_,IU,OU,DWN_X,DWN_Y,COUNTY_U_D,WB_EPA,COMMENT_,PERM_ID,EVENTDAT,REACHCODE,RCHSMDATE,RCH_RES,SRC_DESC,FEAT_URL,SHAPE_Leng,Shape_Le_1,Shape_Area
2014,60348,7309.0,Bee Tree Lake,L3,10.0,10.0,10.0,Acres,Mercury in Fish Tissue (T),Atmospheric Deposition - Toxics,HHP,"AQL, IRR, LWW, SCR, WBC B",732843.4642,4254646.4265,St. Louis,Bee Tree Lake,1,{33B32820-E019-41A1-9CF7-9956A70E34C9},2012-09-20,07140102007655,,,Table G,,1350.51015528,1350.51015528,40219.0498561
2006,59691,7365.0,Belcher Branch Lake,L3,42.0,42.0,42.0,Acres,Mercury in Fish Tissue (T),Atmospheric Deposition - Toxics,HHP,"AQL, IRR, LWW, SCR, WBC B",351263.7249,4382887.4498,Buchanan,Belcher Branch Lake,1,{71DF0578-7733-4C7D-8090-B5141D828E36},2011-09-29,,,,Table G,,2976.13389536,2976.13389537,181659.398784
2014,54686,7003.0,Bowling Green Lake - Old,L1,7.0,7.0,7.0,Acres,Chlorophyll-a (W),Rural NPS,AQL,"DWS, IRR, LWW, SCR, WBC B, HHP",658498.2555,4356565.0819,Pike,Bowling Green Lake - Old,"1, 4*",{46944D6C-A9D1-492F-AE85-2DC7C29198AF},2011-09-29,07110004003268,,,Table G,,3076.65381525,3076.65381525,113133.949265
2012,51313,7003.0,Bowling Green Lake - Old,L1,7.0,7.0,7.0,Acres,"Nitrogen, Total (W)",Rural NPS,AQL,"DWS, IRR, LWW, SCR, WBC B, HHP",658497.1711,4356564.595,Pike,Bowling Green Lake - Old,"1, 4*",{46944D6C-A9D1-492F-AE85-2DC7C29198AF},2011-09-29,07110004003268,,,Table G,,3076.65381525,3076.65381525,113133.949265
2012,51312,7003.0,Bowling Green Lake - Old,L1,7.0,7.0,7.0,Acres,"Phosphorus, Total (W)",Rural NPS,AQL,"DWS, IRR, LWW, SCR, WBC B, HHP",658502.2915,4356561.802,Pike,Bowling Green Lake - Old,"1, 4*",{46944D6C-A9D1-492F-AE85-2DC7C29198AF},2011-09-29,07110004003268,,,Table G,,3076.65381525,3076.65381525,113133.949265
2016,60247,7117.0,Buffalo Bill Lake,L3,45.0,45.0,45.0,Acres,Mercury in Fish Tissue (T),Atmospheric Deposition - Toxics,HHP,"AQL, IRR, LWW, SCR, WBC B",381664.0735,4408120.8745,DeKalb,Buffalo Bill Lake,1,{FD72AF35-787E-47BF-804A-38FBFCA232D5},2011-09-29,,,,Table G,,3263.25467159,3263.25467158,175954.205254
2006,60020,7057.0,Busch W.A. No. 35 Lake,L3,51.0,51.0,51.0,Acres,Mercury in Fish Tissue (T),Atmospheric Deposition - Toxics,HHP,"AQL, IRR, LWW, SCR, WBC B",697833.1357,4288214.3442,St. Charles,Busch W.A. No. 35 Lake,1,{133A14A7-0E10-4145-8B1D-C0CDEDF40B68},2012-09-17,07110009001011,,,Table G,,4000.16210844,4000.16210844,202793.299165
2014,55954,7326.0,Clearwater Lake,L2,1635.0,1635.0,1635.0,Acres,Chlorophyll-a (W),Rural NPS,AQL,"IRR, LWW, SCR, WBC A, HHP",697891.0,4112203.0,Wayne/Reynolds,Clearwater Lake,"1, 4",{E8074099-79FD-4DD8-8EB3-1E11EFBE400F},2012-09-20,11010007002961,,,Table G,,43955.1169261,43955.1169261,6616832.37093
2002,60036,7326.0,Clearwater Lake,L2,1635.0,1635.0,1635.0,Acres,Mercury in Fish Tissue (T),Atmospheric Deposition - Toxics,HHP,"AQL, IRR, LWW, SCR, WBC A",697891.0,4112203.0,Wayne/Reynolds,Clearwater Lake,1,{E8074099-79FD-4DD8-8EB3-1E11EFBE400F},2012-09-20,11010007002961,,,Table G,,43955.1169261,43955.1169261,6616832.37093
2016,60037,7326.0,Clearwater Lake,L2,1635.0,1635.0,1635.0,Acres,"Phosphorus, Total (W)",Nonpoint Source,AQL,"IRR, LWW, SCR, WBC A, HHP",697891.0,4112203.0,Wayne/Reynolds,Clearwater Lake,"1, 4",{E8074099-79FD-4DD8-8EB3-1E11EFBE400F},2012-09-20,11010007002961,,,Table G,,43955.1169261,43955.1169261,6616832.37093
2016,60336,7378.0,Coot Lake,L3,20.0,20.0,20.0,Acres,Mercury in Fish Tissue (T),Atmospheric Deposition - Toxics,HHP,"AQL, IRR, LWW, SCR, WBC B",383769.875,4303153.5831,Jackson,Coot Lake,1,{58F251CA-5969-485E-A405-54F511C331AE},2012-09-21,10290108002686,,,Table G,,1607.87180915,1607.87180914,83914.9539852
2016,60338,7379.0,Cottontail Lake,L3,22.0,22.0,22.0,Acres,Mercury in Fish Tissue (T),Atmospheric Deposition - Toxics,HHP,"AQL, IRR, LWW, SCR, WBC B",385813.6041,4304634.052,Jackson,Cottontail Lake,1,{FE30FCD7-F3BD-4ACB-9AFF-D2AC417D367E},2012-09-21,10290108002674,,,Table G,,2319.29518974,2319.29518973,96207.316936
2016,60023,7334.0,Crane Lake,L3,109.0,109.0,109.0,Acres,Chlorophyll-a (W),Source Unknown,AQL,"IRR, LWW, SCR, WBC B, HHP",710852.6251,4143902.1999,Iron,Crane Lake,"1, 4",{37827401-04AC-4DCE-A234-484CB776B9C8},2012-09-20,08020202002004,,,Table G,,5128.92550769,5128.92550768,442160.105659
2016,60022,7334.0,Crane Lake,L3,109.0,109.0,109.0,Acres,"Phosphorus, Total (W)",Source Unknown,AQL,"IRR, LWW, SCR, WBC B, HHP",710852.6251,4143895.8499,Iron,Crane Lake,"1, 4",{37827401-04AC-4DCE-A234-484CB776B9C8},2012-09-20,08020202002004,,,Table G,,5128.92550769,5128.92550768,442160.105659
2016,60260,7135.0,Crowder St. Park Lake,L3,18.0,18.0,18.0,Acres,Mercury in Fish Tissue (T),Atmospheric Deposition - Toxics,HHP,"AQL, IRR, LWW, SCR, WBC A",443779.7503,4438588.2189,Grundy,Crowder St. Park Lake,1,{7A7EA3BE-3D6E-48F7-A939-96F26FA9E7FC},2012-09-18,10280102003193,,,Table G,,1144.55902585,1144.55902585,60613.1968961
2002,59683,7015.0,Deer Ridge Community Lake,L3,39.0,39.0,39.0,Acres,Mercury in Fish Tissue (T),Atmospheric Deposition - Toxics,HHP,"AQL, IRR, LWW, SCR, WBC B",599831.3091,4448446.9151,Lewis,Deer Ridge Community Lake,1,{B38D0105-7611-4FE7-AF54-D75BD875D42D},2012-09-17,07110002001253,,,Table G,,3830.42549498,3830.42549496,182719.380276
2012,60105,7237.0,Fellows Lake,L1,800.0,800.0,800.0,Acres,Mercury in Fish Tissue (T),Atmospheric Deposition - Toxics,HHP,"AQL, DWS, IRR, LWW, SCR, WBC A",479590.0116,4129879.2046,Greene,Fellows Lake,"1, 5",{AA462A94-8373-4187-AE5A-734037B80C50},2012-09-20,10290106002227,,,Table G,,25214.1770485,25214.1770485,3237685.68794
2010,51337,7151.0,Forest Lake,L1,580.0,580.0,580.0,Acres,Chlorophyll-a (W),Rural NPS,AQL,"DWS, IRR, LWW, SCR, WBC A, HHP",529117.6574,4446686.1761,Adair,Forest Lake,"1, 4*",{73AF69FC-F117-4109-8BD2-375606499F5A},2012-09-19,10280202001427,,,Table G,,27947.4829102,27947.4829102,2347107.64096
2016,60145,7151.0,Forest Lake,L1,580.0,580.0,580.0,Acres,Mercury in Fish Tissue (T),Atmospheric Deposition - Toxics,HHP,"AQL, DWS, IRR, LWW, SCR, WBC A",529119.923,4446688.7254,Adair,Forest Lake,"1, 5",{73AF69FC-F117-4109-8BD2-375606499F5A},2012-09-19,10280202001427,,,Table G,,27947.4829102,27947.4829102,2347107.64096
2010,51335,7151.0,Forest Lake,L1,580.0,580.0,580.0,Acres,"Nitrogen, Total (W)",Rural NPS,AQL,"DWS, IRR, LWW, SCR, WBC A, HHP",529118.0874,4446687.8962,Adair,Forest Lake,"1, 4*",{73AF69FC-F117-4109-8BD2-375606499F5A},2012-09-19,10280202001427,,,Table G,,27947.4829102,27947.4829102,2347107.64096
2010,51336,7151.0,Forest Lake,L1,580.0,580.0,580.0,Acres,"Phosphorus, Total (W)",Rural NPS,AQL,"DWS, IRR, LWW, SCR, WBC A, HHP",529120.3091,4446688.8279,Adair,Forest Lake,"1, 4*",{73AF69FC-F117-4109-8BD2-375606499F5A},2012-09-19,10280202001427,,,Table G,,27947.4829102,27947.4829102,2347107.64096
2014,54682,7008.0,Fox Valley Lake,L3,89.0,89.0,89.0,Acres,Chlorophyll-a (W),Rural NPS,AQL,"IRR, LWW, SCR, WBC B, HHP",604601.3193,4483674.7427,Clark,Fox Valley Lake,"1, 4",{C1B630C9-97EB-436B-AF33-AC06DA113603},2012-09-17,07110001012927,,,Table G,,6938.68673943,6938.68673943,424881.505508
2014,54681,7008.0,Fox Valley Lake,L3,89.0,89.0,89.0,Acres,"Nitrogen, Total (W)",Rural NPS,AQL,"IRR, LWW, SCR, WBC B, HHP",604598.9032,4483679.3903,Clark,Fox Valley Lake,"1, 4",{C1B630C9-97EB-436B-AF33-AC06DA113603},2012-09-17,07110001012927,,,Table G,,6938.68673943,6938.68673943,424881.505508
2010,50148,7008.0,Fox Valley Lake,L3,89.0,89.0,89.0,Acres,"Phosphorus, Total (W)",Rural NPS,AQL,"IRR, LWW, SCR, WBC B, HHP",604599.623,4483685.9024,Clark,Fox Valley Lake,"1, 4",{C1B630C9-97EB-436B-AF33-AC06DA113603},2012-09-17,07110001012927,,,Table G,,6938.68673943,6938.68673943,424881.505508
2010,60269,7382.0,Foxboro Lake,L3,22.0,22.0,22.0,Acres,Mercury in Fish Tissue (T),Atmospheric Deposition - Toxics,HHP,"AQL, IRR, LWW, SCR, WBC B",644991.5748,4249659.8499,Franklin,Foxboro Lake,1,{A2017EA4-BBB6-40FD-869B-C127A2DD3A39},2012-09-21,07140103001320,,,Table G,,1913.83028572,1913.83028571,91719.1628522
2002,60347,7280.0,Frisco Lake,L3,5.0,5.0,5.0,Acres,Mercury in Fish Tissue (T),Atmospheric Deposition - Toxics,HHP,"AQL, IRR, LWW, SCR, WBC B",608326.0589,4201523.71,Phelps,Frisco Lake,1,{BAD99847-5ACE-4C61-83EC-C3A4AF6DB75F},2012-09-20,07140102009139,,,Table G,,558.639838054,558.639838054,20186.8067348
2014,60245,7386.0,Harrison County Lake,L1,280.0,280.0,280.0,Acres,Mercury in Fish Tissue (T),Atmospheric Deposition - Toxics,HHP,"AQL, DWS, IRR, LWW, SCR, WBC B",407760.875,4472462.8228,Harrison,Harrison County Lake,"1, 5",{250DED95-32D5-4C13-8144-67EEBA13AEFB},2012-09-21,10280101047719,,,Table G,,12256.805294,12256.805294,1220399.8068
2010,51330,7152.0,Hazel Creek Lake,L1,453.0,453.0,453.0,Acres,Chlorophyll-a (W),Rural NPS,AQL,"DWS, IRR, LWW, SCR, WBC B, HHP",531555.7583,4461098.2591,Adair,Hazel Creek Lake,"1, 4*",{C22185A3-4B47-4D6A-AFC7-D51AB86364CA},2012-09-19,10280201011627,,,Table G,,21815.6261426,21815.6261426,2094462.41151
2008,60129,7152.0,Hazel Creek Lake,L1,453.0,453.0,453.0,Acres,Mercury in Fish Tissue (T),Atmospheric Deposition - Toxics,HHP,"AQL, DWS, IRR, LWW, SCR, WBC B",531552.177,4461097.8909,Adair,Hazel Creek Lake,"1, 5",{C22185A3-4B47-4D6A-AFC7-D51AB86364CA},2012-09-19,10280201011627,,,Table G,,21815.6261426,21815.6261426,2094462.41151
2016,60068,7193.0,Holden City Lake,L1,290.2,290.2,290.2,Acres,Mercury in Fish Tissue (T),Atmospheric Deposition - Toxics,HHP,"AQL, DWS, IRR, LWW, SCR, WBC B",410151.1507,4290703.3931,Johnson,Holden City Lake,"1, 5",{C711CC87-DE10-41F6-A42A-33B95CFD40AC},2012-09-19,10300104006664,,,Table G,,9948.79275626,9948.79275627,1153055.98794
2002,60208,7388.0,Hough Park Lake,L3,10.0,10.0,10.0,Acres,Mercury in Fish Tissue (T),Atmospheric Deposition - Toxics,HHP,"AQL, IRR, LWW, SCR, WBC B",571169.775,4266160.7,Cole,Hough Park Lake,1,{DB104191-0DAB-4A17-B10B-2DEF08DAA462},2012-09-21,10300102006451,,,Table G,,623.213705688,623.213705692,16769.5340992
2012,59887,7029.0,Hunnewell Lake,L3,228.0,228.0,228.0,Acres,Mercury in Fish Tissue (T),Atmospheric Deposition - Toxics,HHP,"AQL, IRR, LWW, SCR, WBC B",597506.3108,4395783.0925,Shelby,Hunnewell Lake,1,{C1691BAA-6D2E-4BB0-B1C8-33FAD17AF532},2012-09-17,07110004003107,,,Table G,,14769.6842698,14769.6842698,900942.442922
2012,59887,7029.0,Hunnewell Lake,L3,228.0,228.0,228.0,Acres,Mercury in Fish Tissue (T),Atmospheric Deposition - Toxics,HHP,"AQL, IRR, LWW, SCR, WBC B",597506.3108,4395783.0925,Shelby,Hunnewell Lake,1,{FD67C6B0-C100-49E6-BAAC-87146133CAFB},2012-09-17,07110004003106,,,Table G,,826.540218933,826.540218931,15206.0608584
2012,59887,7029.0,Hunnewell Lake,L3,228.0,228.0,228.0,Acres,Mercury in Fish Tissue (T),Atmospheric Deposition - Toxics,HHP,"AQL, IRR, LWW, SCR, WBC B",597506.3108,4395783.0925,Shelby,Hunnewell Lake,1,{0E68B898-42D5-42EA-A764-A88BA4E8BC2C},2012-09-17,07110004003105,,,Table G,,754.468361613,754.468361619,16164.1234312
2012,59887,7029.0,Hunnewell Lake,L3,228.0,228.0,228.0,Acres,Mercury in Fish Tissue (T),Atmospheric Deposition - Toxics,HHP,"AQL, IRR, LWW, SCR, WBC B",597506.3108,4395783.0925,Shelby,Hunnewell Lake,1,{3985D27C-6AB5-4339-ABE5-C00805F98BCB},2012-09-17,07110004003111,,,Table G,,825.706427018,825.706427021,23088.3373493
2008,60244,7389.0,Indian Creek Community Lake,L3,185.0,185.0,185.0,Acres,Mercury in Fish Tissue (T),Atmospheric Deposition - Toxics,HHP,"AQL, IRR, LWW, SCR, WBC B",440537.4479,4416530.3956,Livingston,Indian Creek Community Lake,1,{999B5F50-A615-4236-A8BB-D5BF4149798A},2012-09-21,10280101047887,,,Table G,,10655.8703736,10655.8703736,804227.722371
2016,59833,7023.0,Labelle Lake #2,L1,98.0,98.0,98.0,Acres,Mercury in Fish Tissue (T),Atmospheric Deposition - Toxics,HHP,"AQL, DWS, IRR, LWW, SCR, WBC B",593769.9375,4438441.3332,Lewis,Labelle Lake #2,"1, 5",{D0C283DB-9DCF-4492-B353-4A0B92B43668},2011-09-29,,,,Table G,,7011.3607598,7011.36075981,426955.565028
2002,60213,7436.0,Lake of the Woods,L3,3.0,3.0,3.0,Acres,Mercury in Fish Tissue (T),Atmospheric Deposition - Toxics,HHP,"AQL, IRR, LWW, SCR, WBC B",565931.145,4313647.9155,Boone,Lake of the Woods,1,{EA495F2D-2820-459B-BC44-C641A201C666},2012-09-24,10300102005953,,,Table G,,432.19127257,432.191272573,9043.45203815
2016,60261,7132.0,Lake Paho,L3,273.0,273.0,273.0,Acres,Mercury in Fish Tissue (T),Atmospheric Deposition - Toxics,HHP,"AQL, IRR, LWW, SCR, WBC B",444295.4369,4472260.9995,Mercer,Lake Paho,1,{13C46A31-7325-4CAE-B1E1-57B9FC4674CD},2012-09-18,10280102003149,,,Table G,,10334.9016114,10334.9016114,890405.481658
2016,60261,7132.0,Lake Paho,L3,273.0,273.0,273.0,Acres,Mercury in Fish Tissue (T),Atmospheric Deposition - Toxics,HHP,"AQL, IRR, LWW, SCR, WBC B",444295.4369,4472260.9995,Mercer,Lake Paho,1,{347B2067-2894-4FC7-8C2F-73BE4DE47C7B},2012-09-18,10280102003151,,,Table G,,383.926524082,383.926524079,10166.5173826
2016,60261,7132.0,Lake Paho,L3,273.0,273.0,273.0,Acres,Mercury in Fish Tissue (T),Atmospheric Deposition - Toxics,HHP,"AQL, IRR, LWW, SCR, WBC B",444295.4369,4472260.9995,Mercer,Lake Paho,1,{5FF55A2E-FDE8-47A5-A285-D39CC02395EC},2012-09-18,10280102003147,,,Table G,,804.239921168,804.23992117,24879.9805268
2016,60261,7132.0,Lake Paho,L3,273.0,273.0,273.0,Acres,Mercury in Fish Tissue (T),Atmospheric Deposition - Toxics,HHP,"AQL, IRR, LWW, SCR, WBC B",444295.4369,4472260.9995,Mercer,Lake Paho,1,{85F07677-FDE0-47B0-9853-7AB4870CFA3A},2012-09-18,10280102003148,,,Table G,,831.097882576,831.097882578,31142.1094705
2010,60018,7054.0,Lake St. Louis,L3,444.0,444.0,444.0,Acres,Mercury in Fish Tissue (T),Atmospheric Deposition - Toxics,HHP,"AQL, IRR, LWW, SCR, WBC A",694062.0003,4297111.7296,St. Charles,Lake St. Louis,1,{ACA5E22F-D01C-4580-B5B9-E1B995DF1610},2012-09-17,07110009000991,,,Table G,,19339.2552783,19339.2552783,1797875.37916
2014,60019,7055.0,Lake Ste. Louise,L3,71.0,71.0,71.0,Acres,Mercury in Fish Tissue (T),Atmospheric Deposition - Toxics,HHP,"AQL, IRR, LWW, SCR, WBC A",691847.1355,4296919.9898,St. Charles,Lake Ste. Louise,1,{FD1C6CF5-840C-41B0-B197-189970AB71AF},2012-09-17,07110009000992,,,Table G,,4377.12208083,4377.12208083,289198.262039
2016,59972,7035.0,Lake Tom Sawyer,L3,4.0,4.0,4.0,Acres,Mercury in Fish Tissue (T),Atmospheric Deposition - Toxics,HHP,"AQL, IRR, LWW, SCR, WBC A",603785.35,4371567.6749,Monroe,Lake Tom Sawyer,1,{8CD69F17-42D1-49F3-9CFF-FAFE8EE7AFF4},2012-09-17,07110006005286,,,Table G,,539.979814994,539.979814995,16767.5180162
2010,60331,7212.0,Lake Winnebago,L3,272.0,272.0,272.0,Acres,Mercury in Fish Tissue (T),Atmospheric Deposition - Toxics,HHP,"AQL, IRR, LWW, SCR, WBC A",382311.1772,4297454.6353,Cass,Lake Winnebago,1,{18FB2CF3-F324-4494-9039-8A598617F27C},2012-09-20,10290108007815,,,Table G,,14421.6225604,14421.6225604,1098925.99067
2002,54683,7020.0,Lewistown Lake,L1,35.0,35.0,35.0,Acres,Atrazine (W),Rural NPS,DWS,"AQL, IRR, LWW, SCR, WBC B, HHP",600675.8567,4439291.2716,Lewis,Lewistown Lake,"1, 2",{23C4640F-6D00-4304-896C-542DCBD77EA8},2012-09-17,07110002001274,,,Table G,,3064.70316258,3064.7031626,137144.747306
2002,60547,7097.0,Longview Lake,L2,953.0,953.0,953.0,Acres,Mercury in Fish Tissue (T),Atmospheric Deposition - Toxics,HHP,"AQL, IRR, LWW, SCR, WBC A",372710.021,4309262.5106,Jackson,Longview Lake,1,{C401F49E-65A5-4FCF-9AB2-1FF355EE512B},2012-09-18,10300101023298,,,Table G,,28465.0588391,28465.058839,3858837.17779
2016,60076,7398.0,Maple Leaf Lake,L3,127.0,127.0,127.0,Acres,Mercury in Fish Tissue (T),Atmospheric Deposition - Toxics,HHP,"AQL, IRR, LWW, SCR, WBC B",432403.2231,4315819.9316,Lafayette,Maple Leaf Lake,1,{6A2168E0-5126-45D5-8AA4-F71EF086FCC8},2012-09-21,10300104007084,,,Table G,,8152.08619765,8152.08619761,551801.787018
2002,59891,7033.0,Mark Twain Lake,L2,18132.0,18132.0,18132.0,Acres,Mercury in Fish Tissue (T),Atmospheric Deposition - Toxics,HHP,"AQL, DWS, IRR, LWW, SCR, WBC A",616550.7111,4375851.9795,Ralls,Mark Twain Lake,"1, 5",{73CFF63D-927D-4FA9-8F97-E736058FF05D},2012-09-17,07110007003303,,,Table G,,301867.521576,301867.521576,36531104.376
2002,59891,7033.0,Mark Twain Lake,L2,18132.0,18132.0,18132.0,Acres,Mercury in Fish Tissue (T),Atmospheric Deposition - Toxics,HHP,"AQL, DWS, IRR, LWW, SCR, WBC A",616550.7111,4375851.9795,Ralls,Mark Twain Lake,"1, 5",{32996153-6E75-4FA4-BEF6-D5E3212BA5C1},2012-09-17,07110006009161,,,Table G,,160670.681408,160670.681408,25176527.8226
2002,59891,7033.0,Mark Twain Lake,L2,18132.0,18132.0,18132.0,Acres,Mercury in Fish Tissue (T),Atmospheric Deposition - Toxics,HHP,"AQL, DWS, IRR, LWW, SCR, WBC A",616550.7111,4375851.9795,Ralls,Mark Twain Lake,"1, 5",,2012-12-27,07110005007410,,,Table G,,169642.227409,169642.227409,19635764.9101
2014,59975,7031.0,Monroe City Lake,L1,94.0,94.0,94.0,Acres,Mercury in Fish Tissue (T),Atmospheric Deposition - Toxics,HHP,"AQL, DWS, IRR, LWW, SCR, WBC A",614619.8682,4384920.5925,Ralls,Monroe City Lake,"1, 5",{D02DE9FA-0E25-4909-8B28-AE95A736424B},2012-09-17,07110007001123,,,Table G,,6855.16173883,6855.16173882,377588.753427
2016,60306,7301.0,Monsanto Lake,L3,18.0,18.0,18.0,Acres,"Nitrogen, Total (W)",Source Unknown,AQL,"IRR, LWW, SCR, WBC A, HHP",719988.475,4187888.35,St. Francois,Monsanto Lake,"1, 4*",{1C707273-92BB-43FB-B10F-079AA9DB8F6C},2012-09-20,07140104004134,,,Table G,,2076.47420633,2076.47420633,73649.6524953
2010,59661,7402.0,Mozingo Lake,L1,898.0,898.0,898.0,Acres,Mercury in Fish Tissue (T),Atmospheric Deposition - Toxics,HHP,"AQL, DWS, IRR, LWW, SCR, WBC B",348760.9303,4467998.7212,Nodaway,Mozingo Lake,"1, 5",{95A718F8-B8AA-4FE3-B07A-D624C3CAE93D},2012-09-24,10240013008192,,,Table G,,31298.243298,31298.243298,4039234.56662
2014,55023,7316.0,Noblett Lake,L3,26.0,26.0,26.0,Acres,Chlorophyll-a (W),Nonpoint Source,AQL,"IRR, LWW, SCR, WBC A, HHP",579888.4285,4085045.2419,Douglas,Noblett Lake,"1, 4",{0E614C0B-EE7C-4AE6-A0A1-34149A332E56},2012-09-20,11010006002492,,,Table G,,2563.56162748,2563.56162748,110489.25584
2002,60170,7316.0,Noblett Lake,L3,26.0,26.0,26.0,Acres,Mercury in Fish Tissue (T),Atmospheric Deposition - Toxics,HHP,"AQL, IRR, LWW, SCR, WBC A",579874.4742,4085060.4001,Douglas,Noblett Lake,1,{0E614C0B-EE7C-4AE6-A0A1-34149A332E56},2012-09-20,11010006002492,,,Table G,,2563.56162748,2563.56162748,110489.25584
2014,55022,7316.0,Noblett Lake,L3,26.0,26.0,26.0,Acres,"Phosphorus, Total (W)",Nonpoint Source,AQL,"IRR, LWW, SCR, WBC A, HHP",579888.5855,4085045.6978,Douglas,Noblett Lake,"1, 4",{0E614C0B-EE7C-4AE6-A0A1-34149A332E56},2012-09-20,11010006002492,,,Table G,,2563.56162748,2563.56162748,110489.25584
2016,60168,7317.0,Norfork Lake,L2,1000.0,1000.0,1000.0,Acres,Mercury in Fish Tissue (T),Atmospheric Deposition - Toxics,HHP,"AQL, IRR, LWW, SCR, WBC A",566330.9671,4039451.0555,Ozark,Norfork Lake,1,{82E8F95C-8645-40FE-875E-231BC301633A},2012-09-20,11010006002528,,,Table G,,507050.286217,507050.286217,76072380.8058
2010,60248,7109.0,North Bethany City Reservoir,L3,78.0,78.0,78.0,Acres,Mercury in Fish Tissue (T),Atmospheric Deposition - Toxics,HHP,"AQL, IRR, LWW, SCR, WBC A",412394.9375,4463013.4166,Harrison,North Bethany City Reservoir,1,{499B14CA-CD6D-4416-A62A-81F9F367B545},2012-09-18,10280101002641,,,Table G,,3609.30810633,3609.30810634,200771.718708
2016,60346,7441.0,Palmer Lake,L3,102.0,102.0,102.0,Acres,Mercury in Fish Tissue (T),Atmospheric Deposition - Toxics,HHP,"AQL, IRR, LWW, SCR, WBC A",682913.7247,4188125.1255,Washington,Palmer Lake,1,{3EC61943-EB65-44BC-B67E-E8646E72CC8F},2012-09-24,07140102003843,,,Table G,,5950.4809293,5950.4809293,411200.047703
2016,60417,7273.0,Perry County Community Lake,L3,89.0,89.0,89.0,Acres,Mercury in Fish Tissue (T),Atmospheric Deposition - Toxics,HHP,"AQL, IRR, LWW, SCR, WBC B",771936.475,4179753.875,Perry,Perry County Community Lake,1,{D2717C6D-837C-44A7-87E2-3F37D1E8DDEA},2012-09-20,07140105002173,,,Table G,,4986.51101507,4986.51101508,362018.215531
2016,60417,7273.0,Perry County Community Lake,L3,89.0,89.0,89.0,Acres,Mercury in Fish Tissue (T),Atmospheric Deposition - Toxics,HHP,"AQL, IRR, LWW, SCR, WBC B",771936.475,4179753.875,Perry,Perry County Community Lake,1,{2AA598C2-90F4-4336-ABEE-EB26CF3E8B5E},2012-09-20,07140105002171,,,Table G,,455.95470469,455.954704698,9767.6868655
2016,60308,7204.0,Rinquelin Trail Community Lake,L3,27.0,27.0,27.0,Acres,Mercury in Fish Tissue (T),Atmospheric Deposition - Toxics,HHP,"AQL, IRR, LWW, SCR, WBC B",574599.5341,4215519.8058,Maries,Rinquelin Trail Community Lake,1,{E9D654E6-211B-41BE-BCE0-621BBBDAF941},2012-09-20,10290111001429,,,Table G,,1744.96543228,1744.96543229,108738.237154
2014,60175,7166.0,Sugar Creek Lake,L1,308.0,308.0,308.0,Acres,Mercury in Fish Tissue (T),Atmospheric Deposition - Toxics,HHP,"AQL, DWS, IRR, LWW, SCR, WBC B",544673.7498,4369569.2709,Randolph,Sugar Creek Lake,"1, 5",{208A75B1-9797-4C79-AF1B-0AE71F45B589},2012-09-19,10280203000964,,,Table G,,18251.1017875,18251.1017874,1247362.46654
2006,60211,7399.0,Sunset Lake,L3,6.0,6.0,6.0,Acres,Mercury in Fish Tissue (T),Atmospheric Deposition - Toxics,HHP,"AQL, IRR, LWW, SCR, WBC B",569965.775,4268302.7,Cole,Sunset Lake,1,{2A19955B-E3EA-4E41-9240-132FDA7D6479},2012-09-21,10300102006441,,,Table G,,1103.82472329,1103.8247233,48923.7765742
2002,52226,7313.0,Table Rock Lake,L2,24218.0,41747.0,41747.0,Acres,Chlorophyll-a (W),"Municipal Point Source Discharges, Nonpoint Source",AQL,"IRR, LWW, SCR, WBC A, HHP",472135.7926,4050038.1658,Taney,Table Rock Lake,"1, 4",{44CF6597-8BD9-41C2-B0AA-4BCAFFEE2D6E},2012-09-20,11010001021232,,,Table G,,982391.481859,982391.481859,136765081.758
2002,52226,7313.0,Table Rock Lake,L2,24218.0,41747.0,41747.0,Acres,Chlorophyll-a (W),"Municipal Point Source Discharges, Nonpoint Source",AQL,"IRR, LWW, SCR, WBC A, HHP",472135.7926,4050038.1658,Taney,Table Rock Lake,"1, 4",{0E534DAD-461A-4DF2-B702-FF995EA8ADD1},2012-09-20,11010002005688,,,Table G,,241374.776111,241374.776111,32176843.3073
2002,51922,7313.0,Table Rock Lake,L2,24216.0,41747.0,41747.0,Acres,"Nitrogen, Total (W)","Municipal Point Source Discharges, Nonpoint Source",AQL,"IRR, LWW, SCR, WBC A, HHP",472138.2371,4050041.6851,Taney,Table Rock Lake,"1, 4",{44CF6597-8BD9-41C2-B0AA-4BCAFFEE2D6E},2012-09-20,11010001021232,,,Table G,,982391.481859,982391.481859,136765081.758
2002,51922,7313.0,Table Rock Lake,L2,24216.0,41747.0,41747.0,Acres,"Nitrogen, Total (W)","Municipal Point Source Discharges, Nonpoint Source",AQL,"IRR, LWW, SCR, WBC A, HHP",472138.2371,4050041.6851,Taney,Table Rock Lake,"1, 4",{0E534DAD-461A-4DF2-B702-FF995EA8ADD1},2012-09-20,11010002005688,,,Table G,,241374.776111,241374.776111,32176843.3073
2002,52878,7313.0,Table Rock Lake,L2,41747.0,41747.0,41747.0,Acres,Nutrient/Eutrophication Biol. Indicators (W),"Municipal Point Source Discharges, Nonpoint Source",AQL,"IRR, LWW, SCR, WBC A, HHP",472135.2069,4050040.5146,Taney,Table Rock Lake,"1, 4",{44CF6597-8BD9-41C2-B0AA-4BCAFFEE2D6E},2012-09-20,11010001021232,,,Table G,,982391.481859,982391.481859,136765081.758
2002,52878,7313.0,Table Rock Lake,L2,41747.0,41747.0,41747.0,Acres,Nutrient/Eutrophication Biol. Indicators (W),"Municipal Point Source Discharges, Nonpoint Source",AQL,"IRR, LWW, SCR, WBC A, HHP",472135.2069,4050040.5146,Taney,Table Rock Lake,"1, 4",{0E534DAD-461A-4DF2-B702-FF995EA8ADD1},2012-09-20,11010002005688,,,Table G,,241374.776111,241374.776111,32176843.3073
2010,51576,7297.0,Terre Du Lac Lakes,L3,103.0,371.4,371.4,Acres,"Nitrogen, Total (W)",Terre du Lac Subdivision,AQL,"IRR, LWW, SCR, WBC A, HHP",708570.4256,4197151.2292,St. Francois,Terre Du Lac Lakes,"1, 4*",{0F575A94-8D1D-44B9-8FA8-BAF0345AAA10},2012-09-20,07140104001945,,,Table G,,4571.5716677,4571.5716677,429285.32492
2016,60443,7352.0,Thirtyfour Corner Blue Hole,L3,9.0,9.0,9.0,Acres,Mercury in Fish Tissue (T),Atmospheric Deposition - Toxics,HHP,"AQL, IRR, LWW, SCR, WBC B",841119.047,4076618.9392,Mississippi,Thirtyfour Corner Blue Hole,1,{399974E7-C34E-47B5-8F69-410F3B52E525},2012-09-21,08010100001082,,,Table G,,1334.65564777,1334.65564777,42460.5704689
2016,60577,7099.0,Unity Village Lake #2,L1,26.0,26.0,26.0,Acres,Mercury in Fish Tissue (T),Atmospheric Deposition - Toxics,HHP,"AQL, DWS, IRR, LWW, SCR, WBC B",379080.1501,4313287.5502,Jackson,Unity Village Lake #2,"1, 5",{CAFAE75E-9B91-49B2-9E70-7F52811137D9},2012-09-18,10300101004073,,,Table G,,2891.24919031,2891.2491903,105425.794336
2012,51430,7071.0,Weatherby Lake,L3,185.0,185.0,185.0,Acres,Chlorophyll-a (W),Urban Runoff/Storm Sewers,AQL,"IRR, LWW, SCR, WBC A, HHP",352913.4606,4343568.4934,Platte,Weatherby Lake,"1, 4",{D4212E20-07B0-45AE-912B-5D38ABF8D3E3},2012-09-18,10240011001073,,,Table G,,10498.708698,10498.708698,749705.114021
2012,59659,7071.0,Weatherby Lake,L3,185.0,185.0,185.0,Acres,Mercury in Fish Tissue (T),Atmospheric Deposition - Toxics,HHP,"AQL, IRR, LWW, SCR, WBC A",352894.1745,4343565.5999,Platte,Weatherby Lake,1,{D4212E20-07B0-45AE-912B-5D38ABF8D3E3},2012-09-18,10240011001073,,,Table G,,10498.708698,10498.708698,749705.114021
2010,51943,7071.0,Weatherby Lake,L3,185.0,185.0,185.0,Acres,"Nitrogen, Total (W)",Urban Runoff/Storm Sewers,AQL,"IRR, LWW, SCR, WBC A, HHP",352917.6494,4343554.1772,Platte,Weatherby Lake,"1, 4",{D4212E20-07B0-45AE-912B-5D38ABF8D3E3},2012-09-18,10240011001073,,,Table G,,10498.708698,10498.708698,749705.114021
2014,54699,7071.0,Weatherby Lake,L3,185.0,185.0,185.0,Acres,"Phosphorus, Total (W)",Urban Runoff/Storm Sewers,AQL,"IRR, LWW, SCR, WBC A, HHP",352908.9004,4343561.5473,Platte,Weatherby Lake,"1, 4",{D4212E20-07B0-45AE-912B-5D38ABF8D3E3},2012-09-18,10240011001073,,,Table G,,10498.708698,10498.708698,749705.114021
2010,58490,7627.0,August A Busch Lake No. 37,UL,30.0,30.0,30.0,Acres,Mercury in Fish Tissue (T),Atmospheric Deposition - Toxics,GEN,,692006.1376,4287345.9944,St. Charles,August A Busch Lake No. 37,"1, 7",,,,,,Table G,,1795.14702313,1795.14702314,119518.90115
2014,54711,7634.0,Chaumiere Lake,UL,3.4,3.4,3.4,Acres,Mercury in Fish Tissue (T),Atmospheric Deposition - Toxics,GEN,,367178.4581,4337087.6386,Clay,Chaumiere Lake,"1, 7",,,,,,Table G,,634.230714291,634.230714289,10935.7099405
2016,60463,7657.0,Knox Village Lake,L3,3.0,3.0,3.0,Acres,Mercury in Fish Tissue (T),Atmospheric Deposition - Toxics,HHP,"AQL, IRR, LWW, SCR, WBC B",377550.5525,4309112.9954,Jackson,Knox Village Lake,1,,,,,,Atmospheric Deposition - Toxics,,562.20591826,562.205918257,9839.77694381
2002,60089,7469.0,Lake Buteo,L3,7.0,7.0,7.0,Acres,Mercury in Fish Tissue (T),Atmospheric Deposition - Toxics,HHP,"AQL, IRR, LWW, SCR, WBC A",449404.3908,4289086.53,Johnson,Lake Buteo,1,,,,,,Table G,,1243.02907165,1243.02907165,35298.3184442
2008,54706,7629.0,Lake of the Woods,UL,7.0,7.0,7.0,Acres,Mercury in Fish Tissue (T),Atmospheric Deposition - Toxics,GEN,,368314.5522,4317420.6893,Jackson,Lake of the Woods,"1, 7",,,,,,Table G,,792.532819384,792.532819378,22271.3772382
2008,54716,7628.0,Perry Phillips Lake,UL,32.0,32.0,32.0,Acres,Mercury in Fish Tissue (T),Atmospheric Deposition - Toxics,GEN,,561236.4781,4305580.6255,Boone,Perry Phillips Lake,"1, 7",,,,,,Table G,,2330.24567928,2330.24567928,132446.428962
2016,60425,7659.0,Lake Boutin,L3,20.0,7.0,20.0,Acres,Mercury in Fish Tissue (T),Atmospheric Deposition - Toxics,HHP,"AQL, IRR, LWW, SCR, WBC B",810662.7699,4150835.3411,Cape Girardeau,Lake Boutin,1,,,,,,Atmospheric Deposition - Toxics,,1840.54013065,1840.54013065,79446.3824092
